,bb_threshod,keep_Time,max_interval,meanSuccess,WeightedProfit,LossRate,hold_rate
0,1,10,5,0.459026529026529,0.07214226098155528,-0.06320742458791016,-0.012130167011682515
