,bb_threshod,keep_Time,max_interval,meanSuccess,WeightedProfit,LossRate,hold_rate
0,100,4,5,0.45406566847233937,0.04849549752379313,-0.04734850197372503,-0.038141854353091295
